{"_version":"1.5.0","_beatsPerMinute":146,"_beatsPerBar":16,"_noteJumpSpeed":10,"_shuffle":0,"_shufflePeriod":0.5,"_events":[],"_notes":[{"_time":3.8540000915527344,"_lineIndex":1,"_lineLayer":0,"_type":0,"_cutDirection":1},{"_time":5.3540000915527344,"_lineIndex":2,"_lineLayer":0,"_type":1,"_cutDirection":1},{"_time":5.8540000915527344,"_lineIndex":1,"_lineLayer":0,"_type":0,"_cutDirection":1},{"_time":6.8540000915527344,"_lineIndex":3,"_lineLayer":1,"_type":1,"_cutDirection":3},{"_time":8.3540000915527344,"_lineIndex":1,"_lineLayer":0,"_type":1,"_cutDirection":6},{"_time":8.8540000915527344,"_lineIndex":1,"_lineLayer":0,"_type":0,"_cutDirection":1},{"_time":9.3540000915527344,"_lineIndex":1,"_lineLayer":0,"_type":0,"_cutDirection":0},{"_time":9.8540000915527344,"_lineIndex":3,"_lineLayer":1,"_type":1,"_cutDirection":3},{"_time":10.854000091552734,"_lineIndex":0,"_lineLayer":1,"_type":1,"_cutDirection":2},{"_time":11.854000091552734,"_lineIndex":1,"_lineLayer":0,"_type":0,"_cutDirection":1},{"_time":13.354000091552734,"_lineIndex":3,"_lineLayer":1,"_type":1,"_cutDirection":3},{"_time":13.854000091552734,"_lineIndex":0,"_lineLayer":1,"_type":0,"_cutDirection":2},{"_time":14.854000091552734,"_lineIndex":3,"_lineLayer":2,"_type":1,"_cutDirection":5},{"_time":16.354000091552734,"_lineIndex":1,"_lineLayer":0,"_type":0,"_cutDirection":0},{"_time":16.854000091552734,"_lineIndex":2,"_lineLayer":0,"_type":1,"_cutDirection":0},{"_time":17.354000091552734,"_lineIndex":1,"_lineLayer":0,"_type":0,"_cutDirection":1},{"_time":17.854000091552734,"_lineIndex":2,"_lineLayer":0,"_type":1,"_cutDirection":1},{"_time":18.854000091552734,"_lineIndex":0,"_lineLayer":1,"_type":0,"_cutDirection":2},{"_time":19.854000091552734,"_lineIndex":3,"_lineLayer":1,"_type":1,"_cutDirection":3},{"_time":19.854000091552734,"_lineIndex":3,"_lineLayer":0,"_type":0,"_cutDirection":3},{"_time":21.354000091552734,"_lineIndex":2,"_lineLayer":1,"_type":1,"_cutDirection":2},{"_time":21.854000091552734,"_lineIndex":0,"_lineLayer":1,"_type":0,"_cutDirection":2},{"_time":22.854000091552734,"_lineIndex":2,"_lineLayer":0,"_type":1,"_cutDirection":1},{"_time":22.854000091552734,"_lineIndex":1,"_lineLayer":0,"_type":0,"_cutDirection":1},{"_time":24.854000091552734,"_lineIndex":3,"_lineLayer":1,"_type":1,"_cutDirection":3},{"_time":24.854000091552734,"_lineIndex":0,"_lineLayer":1,"_type":0,"_cutDirection":2},{"_time":26.354000091552734,"_lineIndex":1,"_lineLayer":1,"_type":0,"_cutDirection":3},{"_time":26.354000091552734,"_lineIndex":2,"_lineLayer":1,"_type":1,"_cutDirection":2},{"_time":27.854000091552734,"_lineIndex":0,"_lineLayer":2,"_type":0,"_cutDirection":8},{"_time":27.854000091552734,"_lineIndex":3,"_lineLayer":2,"_type":1,"_cutDirection":8},{"_time":30.854000091552734,"_lineIndex":0,"_lineLayer":1,"_type":0,"_cutDirection":2},{"_time":31.354000091552734,"_lineIndex":3,"_lineLayer":1,"_type":1,"_cutDirection":3},{"_time":31.854000091552734,"_lineIndex":0,"_lineLayer":1,"_type":0,"_cutDirection":2},{"_time":32.354000091552734,"_lineIndex":3,"_lineLayer":1,"_type":1,"_cutDirection":3},{"_time":32.854000091552734,"_lineIndex":0,"_lineLayer":1,"_type":0,"_cutDirection":2},{"_time":33.354000091552734,"_lineIndex":3,"_lineLayer":1,"_type":1,"_cutDirection":3},{"_time":34.854000091552734,"_lineIndex":0,"_lineLayer":2,"_type":0,"_cutDirection":8},{"_time":34.854000091552734,"_lineIndex":3,"_lineLayer":2,"_type":1,"_cutDirection":8},{"_time":35.854000091552734,"_lineIndex":1,"_lineLayer":0,"_type":0,"_cutDirection":1},{"_time":35.854000091552734,"_lineIndex":2,"_lineLayer":0,"_type":1,"_cutDirection":1},{"_time":36.854000091552734,"_lineIndex":2,"_lineLayer":2,"_type":1,"_cutDirection":8},{"_time":36.854000091552734,"_lineIndex":1,"_lineLayer":2,"_type":0,"_cutDirection":8},{"_time":37.854000091552734,"_lineIndex":2,"_lineLayer":2,"_type":1,"_cutDirection":8},{"_time":37.854000091552734,"_lineIndex":1,"_lineLayer":2,"_type":0,"_cutDirection":8},{"_time":38.854000091552734,"_lineIndex":2,"_lineLayer":2,"_type":1,"_cutDirection":8},{"_time":38.854000091552734,"_lineIndex":1,"_lineLayer":2,"_type":0,"_cutDirection":8},{"_time":39.854000091552734,"_lineIndex":1,"_lineLayer":2,"_type":0,"_cutDirection":8},{"_time":39.854000091552734,"_lineIndex":2,"_lineLayer":2,"_type":1,"_cutDirection":8},{"_time":40.854000091552734,"_lineIndex":1,"_lineLayer":2,"_type":0,"_cutDirection":8},{"_time":40.854000091552734,"_lineIndex":2,"_lineLayer":2,"_type":1,"_cutDirection":8},{"_time":41.854000091552734,"_lineIndex":0,"_lineLayer":1,"_type":0,"_cutDirection":8},{"_time":41.854000091552734,"_lineIndex":1,"_lineLayer":0,"_type":1,"_cutDirection":8},{"_time":42.854000091552734,"_lineIndex":2,"_lineLayer":0,"_type":1,"_cutDirection":8},{"_time":42.854000091552734,"_lineIndex":1,"_lineLayer":0,"_type":0,"_cutDirection":8},{"_time":43.854000091552734,"_lineIndex":1,"_lineLayer":2,"_type":0,"_cutDirection":8},{"_time":43.854000091552734,"_lineIndex":2,"_lineLayer":2,"_type":1,"_cutDirection":8},{"_time":44.854000091552734,"_lineIndex":1,"_lineLayer":2,"_type":0,"_cutDirection":8},{"_time":44.854000091552734,"_lineIndex":2,"_lineLayer":2,"_type":1,"_cutDirection":8},{"_time":45.854000091552734,"_lineIndex":1,"_lineLayer":2,"_type":1,"_cutDirection":8},{"_time":45.854000091552734,"_lineIndex":2,"_lineLayer":2,"_type":0,"_cutDirection":8},{"_time":46.854000091552734,"_lineIndex":2,"_lineLayer":2,"_type":1,"_cutDirection":8},{"_time":46.854000091552734,"_lineIndex":1,"_lineLayer":2,"_type":0,"_cutDirection":8},{"_time":47.854000091552734,"_lineIndex":2,"_lineLayer":2,"_type":1,"_cutDirection":8},{"_time":47.854000091552734,"_lineIndex":1,"_lineLayer":2,"_type":0,"_cutDirection":8},{"_time":48.854000091552734,"_lineIndex":1,"_lineLayer":2,"_type":0,"_cutDirection":8},{"_time":48.854000091552734,"_lineIndex":2,"_lineLayer":2,"_type":1,"_cutDirection":8},{"_time":49.854000091552734,"_lineIndex":3,"_lineLayer":1,"_type":1,"_cutDirection":8},{"_time":49.854000091552734,"_lineIndex":2,"_lineLayer":0,"_type":0,"_cutDirection":8},{"_time":50.854000091552734,"_lineIndex":2,"_lineLayer":0,"_type":1,"_cutDirection":8},{"_time":50.854000091552734,"_lineIndex":1,"_lineLayer":0,"_type":0,"_cutDirection":8},{"_time":51.854000091552734,"_lineIndex":2,"_lineLayer":2,"_type":1,"_cutDirection":8},{"_time":51.854000091552734,"_lineIndex":1,"_lineLayer":2,"_type":0,"_cutDirection":8},{"_time":52.854000091552734,"_lineIndex":1,"_lineLayer":2,"_type":0,"_cutDirection":8},{"_time":52.854000091552734,"_lineIndex":2,"_lineLayer":2,"_type":1,"_cutDirection":8},{"_time":53.854000091552734,"_lineIndex":1,"_lineLayer":2,"_type":0,"_cutDirection":8},{"_time":53.854000091552734,"_lineIndex":2,"_lineLayer":2,"_type":1,"_cutDirection":8},{"_time":54.854000091552734,"_lineIndex":1,"_lineLayer":2,"_type":0,"_cutDirection":8},{"_time":54.854000091552734,"_lineIndex":2,"_lineLayer":2,"_type":1,"_cutDirection":8},{"_time":55.854000091552734,"_lineIndex":2,"_lineLayer":2,"_type":0,"_cutDirection":8},{"_time":55.854000091552734,"_lineIndex":1,"_lineLayer":2,"_type":1,"_cutDirection":8},{"_time":56.854000091552734,"_lineIndex":1,"_lineLayer":2,"_type":1,"_cutDirection":8},{"_time":56.854000091552734,"_lineIndex":2,"_lineLayer":2,"_type":0,"_cutDirection":8},{"_time":57.854000091552734,"_lineIndex":3,"_lineLayer":2,"_type":1,"_cutDirection":8},{"_time":57.854000091552734,"_lineIndex":0,"_lineLayer":2,"_type":0,"_cutDirection":8},{"_time":58.854000091552734,"_lineIndex":1,"_lineLayer":2,"_type":0,"_cutDirection":8},{"_time":58.854000091552734,"_lineIndex":2,"_lineLayer":2,"_type":1,"_cutDirection":8},{"_time":59.854000091552734,"_lineIndex":0,"_lineLayer":1,"_type":0,"_cutDirection":6},{"_time":59.854000091552734,"_lineIndex":1,"_lineLayer":0,"_type":1,"_cutDirection":6},{"_time":61.354000091552734,"_lineIndex":3,"_lineLayer":1,"_type":1,"_cutDirection":3},{"_time":61.854000091552734,"_lineIndex":2,"_lineLayer":0,"_type":0,"_cutDirection":3},{"_time":62.854000091552734,"_lineIndex":2,"_lineLayer":0,"_type":1,"_cutDirection":6},{"_time":62.854000091552734,"_lineIndex":1,"_lineLayer":1,"_type":0,"_cutDirection":6},{"_time":64.353996276855469,"_lineIndex":3,"_lineLayer":1,"_type":1,"_cutDirection":3},{"_time":64.853996276855469,"_lineIndex":0,"_lineLayer":1,"_type":0,"_cutDirection":2},{"_time":65.353996276855469,"_lineIndex":3,"_lineLayer":1,"_type":1,"_cutDirection":3},{"_time":65.853996276855469,"_lineIndex":0,"_lineLayer":1,"_type":0,"_cutDirection":2},{"_time":66.353996276855469,"_lineIndex":3,"_lineLayer":1,"_type":1,"_cutDirection":3},{"_time":66.853996276855469,"_lineIndex":0,"_lineLayer":2,"_type":0,"_cutDirection":4},{"_time":67.353996276855469,"_lineIndex":3,"_lineLayer":2,"_type":1,"_cutDirection":5},{"_time":67.853996276855469,"_lineIndex":2,"_lineLayer":1,"_type":1,"_cutDirection":6},{"_time":67.853996276855469,"_lineIndex":1,"_lineLayer":1,"_type":0,"_cutDirection":7},{"_time":69.853996276855469,"_lineIndex":2,"_lineLayer":2,"_type":1,"_cutDirection":0},{"_time":70.853996276855469,"_lineIndex":1,"_lineLayer":0,"_type":0,"_cutDirection":1},{"_time":72.853996276855469,"_lineIndex":1,"_lineLayer":0,"_type":0,"_cutDirection":7},{"_time":72.853996276855469,"_lineIndex":2,"_lineLayer":1,"_type":1,"_cutDirection":7},{"_time":73.853996276855469,"_lineIndex":3,"_lineLayer":2,"_type":1,"_cutDirection":0},{"_time":74.353996276855469,"_lineIndex":3,"_lineLayer":0,"_type":1,"_cutDirection":1},{"_time":75.853996276855469,"_lineIndex":0,"_lineLayer":0,"_type":0,"_cutDirection":6},{"_time":77.853996276855469,"_lineIndex":1,"_lineLayer":2,"_type":0,"_cutDirection":0},{"_time":78.853996276855469,"_lineIndex":2,"_lineLayer":0,"_type":0,"_cutDirection":7},{"_time":80.853996276855469,"_lineIndex":0,"_lineLayer":2,"_type":0,"_cutDirection":8},{"_time":80.853996276855469,"_lineIndex":3,"_lineLayer":2,"_type":1,"_cutDirection":8},{"_time":82.353996276855469,"_lineIndex":1,"_lineLayer":2,"_type":1,"_cutDirection":8},{"_time":82.353996276855469,"_lineIndex":2,"_lineLayer":2,"_type":0,"_cutDirection":8},{"_time":83.853996276855469,"_lineIndex":3,"_lineLayer":0,"_type":1,"_cutDirection":1},{"_time":83.853996276855469,"_lineIndex":1,"_lineLayer":0,"_type":0,"_cutDirection":1},{"_time":84.353996276855469,"_lineIndex":3,"_lineLayer":0,"_type":1,"_cutDirection":0},{"_time":84.853996276855469,"_lineIndex":2,"_lineLayer":1,"_type":1,"_cutDirection":4},{"_time":85.853996276855469,"_lineIndex":0,"_lineLayer":2,"_type":0,"_cutDirection":8},{"_time":86.853996276855469,"_lineIndex":2,"_lineLayer":0,"_type":1,"_cutDirection":1},{"_time":86.853996276855469,"_lineIndex":1,"_lineLayer":0,"_type":0,"_cutDirection":1},{"_time":88.853996276855469,"_lineIndex":2,"_lineLayer":0,"_type":1,"_cutDirection":1},{"_time":88.853996276855469,"_lineIndex":1,"_lineLayer":0,"_type":0,"_cutDirection":1},{"_time":90.353996276855469,"_lineIndex":2,"_lineLayer":0,"_type":0,"_cutDirection":0},{"_time":90.353996276855469,"_lineIndex":1,"_lineLayer":0,"_type":1,"_cutDirection":0},{"_time":91.853996276855469,"_lineIndex":1,"_lineLayer":0,"_type":0,"_cutDirection":1},{"_time":91.853996276855469,"_lineIndex":2,"_lineLayer":0,"_type":1,"_cutDirection":1},{"_time":93.353996276855469,"_lineIndex":2,"_lineLayer":1,"_type":1,"_cutDirection":0},{"_time":93.853996276855469,"_lineIndex":0,"_lineLayer":1,"_type":0,"_cutDirection":2},{"_time":94.853996276855469,"_lineIndex":2,"_lineLayer":0,"_type":1,"_cutDirection":1},{"_time":94.853996276855469,"_lineIndex":1,"_lineLayer":0,"_type":0,"_cutDirection":1},{"_time":96.353996276855469,"_lineIndex":3,"_lineLayer":1,"_type":1,"_cutDirection":3},{"_time":96.853996276855469,"_lineIndex":0,"_lineLayer":1,"_type":0,"_cutDirection":2},{"_time":97.353996276855469,"_lineIndex":3,"_lineLayer":1,"_type":1,"_cutDirection":3},{"_time":97.853996276855469,"_lineIndex":0,"_lineLayer":1,"_type":0,"_cutDirection":2},{"_time":98.353996276855469,"_lineIndex":3,"_lineLayer":1,"_type":1,"_cutDirection":3},{"_time":98.853996276855469,"_lineIndex":0,"_lineLayer":2,"_type":0,"_cutDirection":4},{"_time":99.353996276855469,"_lineIndex":3,"_lineLayer":2,"_type":1,"_cutDirection":5},{"_time":99.853996276855469,"_lineIndex":2,"_lineLayer":1,"_type":1,"_cutDirection":6},{"_time":99.853996276855469,"_lineIndex":1,"_lineLayer":1,"_type":0,"_cutDirection":7},{"_time":101.35399627685547,"_lineIndex":3,"_lineLayer":1,"_type":1,"_cutDirection":0},{"_time":101.85399627685547,"_lineIndex":2,"_lineLayer":2,"_type":1,"_cutDirection":4},{"_time":102.85399627685547,"_lineIndex":1,"_lineLayer":0,"_type":0,"_cutDirection":1},{"_time":102.85399627685547,"_lineIndex":2,"_lineLayer":0,"_type":1,"_cutDirection":1},{"_time":103.85399627685547,"_lineIndex":1,"_lineLayer":0,"_type":0,"_cutDirection":0},{"_time":104.35399627685547,"_lineIndex":1,"_lineLayer":0,"_type":0,"_cutDirection":1},{"_time":104.85399627685547,"_lineIndex":1,"_lineLayer":1,"_type":1,"_cutDirection":4},{"_time":105.85399627685547,"_lineIndex":1,"_lineLayer":2,"_type":0,"_cutDirection":8},{"_time":106.85399627685547,"_lineIndex":3,"_lineLayer":1,"_type":0,"_cutDirection":3},{"_time":107.85399627685547,"_lineIndex":2,"_lineLayer":0,"_type":1,"_cutDirection":1},{"_time":107.85399627685547,"_lineIndex":1,"_lineLayer":0,"_type":0,"_cutDirection":1},{"_time":109.85399627685547,"_lineIndex":3,"_lineLayer":2,"_type":1,"_cutDirection":0},{"_time":110.85399627685547,"_lineIndex":2,"_lineLayer":0,"_type":1,"_cutDirection":1},{"_time":110.85399627685547,"_lineIndex":1,"_lineLayer":0,"_type":0,"_cutDirection":1},{"_time":112.85399627685547,"_lineIndex":1,"_lineLayer":0,"_type":1,"_cutDirection":1},{"_time":112.85399627685547,"_lineIndex":2,"_lineLayer":0,"_type":0,"_cutDirection":1},{"_time":113.85399627685547,"_lineIndex":3,"_lineLayer":1,"_type":1,"_cutDirection":3},{"_time":114.35399627685547,"_lineIndex":1,"_lineLayer":1,"_type":0,"_cutDirection":0},{"_time":115.85399627685547,"_lineIndex":1,"_lineLayer":0,"_type":0,"_cutDirection":1},{"_time":115.85399627685547,"_lineIndex":2,"_lineLayer":0,"_type":1,"_cutDirection":1},{"_time":117.85399627685547,"_lineIndex":2,"_lineLayer":2,"_type":1,"_cutDirection":0},{"_time":117.85399627685547,"_lineIndex":1,"_lineLayer":2,"_type":0,"_cutDirection":0},{"_time":118.85399627685547,"_lineIndex":0,"_lineLayer":0,"_type":1,"_cutDirection":8},{"_time":120.85399627685547,"_lineIndex":1,"_lineLayer":0,"_type":0,"_cutDirection":1},{"_time":121.35399627685547,"_lineIndex":2,"_lineLayer":0,"_type":1,"_cutDirection":1},{"_time":121.85399627685547,"_lineIndex":2,"_lineLayer":2,"_type":1,"_cutDirection":0},{"_time":122.85399627685547,"_lineIndex":0,"_lineLayer":1,"_type":0,"_cutDirection":2},{"_time":123.85399627685547,"_lineIndex":2,"_lineLayer":0,"_type":0,"_cutDirection":7},{"_time":123.85399627685547,"_lineIndex":3,"_lineLayer":1,"_type":1,"_cutDirection":7},{"_time":125.35399627685547,"_lineIndex":2,"_lineLayer":1,"_type":1,"_cutDirection":4},{"_time":125.85399627685547,"_lineIndex":1,"_lineLayer":1,"_type":0,"_cutDirection":4},{"_time":126.85399627685547,"_lineIndex":1,"_lineLayer":0,"_type":1,"_cutDirection":6},{"_time":126.85399627685547,"_lineIndex":0,"_lineLayer":1,"_type":0,"_cutDirection":6},{"_time":128.35400390625,"_lineIndex":3,"_lineLayer":1,"_type":1,"_cutDirection":3},{"_time":128.85400390625,"_lineIndex":0,"_lineLayer":1,"_type":0,"_cutDirection":2},{"_time":129.35400390625,"_lineIndex":3,"_lineLayer":1,"_type":1,"_cutDirection":3},{"_time":129.85400390625,"_lineIndex":0,"_lineLayer":1,"_type":0,"_cutDirection":2},{"_time":130.35400390625,"_lineIndex":3,"_lineLayer":1,"_type":1,"_cutDirection":3},{"_time":130.85400390625,"_lineIndex":0,"_lineLayer":2,"_type":0,"_cutDirection":4},{"_time":131.35400390625,"_lineIndex":3,"_lineLayer":2,"_type":1,"_cutDirection":5},{"_time":131.85400390625,"_lineIndex":1,"_lineLayer":1,"_type":0,"_cutDirection":7},{"_time":131.85400390625,"_lineIndex":2,"_lineLayer":1,"_type":1,"_cutDirection":6},{"_time":132.85400390625,"_lineIndex":2,"_lineLayer":2,"_type":1,"_cutDirection":8},{"_time":132.85400390625,"_lineIndex":1,"_lineLayer":2,"_type":0,"_cutDirection":8},{"_time":133.85400390625,"_lineIndex":2,"_lineLayer":2,"_type":1,"_cutDirection":8},{"_time":133.85400390625,"_lineIndex":1,"_lineLayer":2,"_type":0,"_cutDirection":8},{"_time":134.85400390625,"_lineIndex":1,"_lineLayer":2,"_type":0,"_cutDirection":8},{"_time":134.85400390625,"_lineIndex":2,"_lineLayer":2,"_type":1,"_cutDirection":8},{"_time":135.85400390625,"_lineIndex":1,"_lineLayer":2,"_type":0,"_cutDirection":8},{"_time":135.85400390625,"_lineIndex":2,"_lineLayer":2,"_type":1,"_cutDirection":8},{"_time":136.85400390625,"_lineIndex":2,"_lineLayer":2,"_type":1,"_cutDirection":8},{"_time":136.85400390625,"_lineIndex":1,"_lineLayer":2,"_type":0,"_cutDirection":8},{"_time":137.85400390625,"_lineIndex":0,"_lineLayer":1,"_type":0,"_cutDirection":6},{"_time":137.85400390625,"_lineIndex":1,"_lineLayer":0,"_type":1,"_cutDirection":6},{"_time":138.85400390625,"_lineIndex":3,"_lineLayer":1,"_type":1,"_cutDirection":7},{"_time":138.85400390625,"_lineIndex":2,"_lineLayer":0,"_type":0,"_cutDirection":7},{"_time":139.85400390625,"_lineIndex":1,"_lineLayer":2,"_type":0,"_cutDirection":8},{"_time":139.85400390625,"_lineIndex":2,"_lineLayer":2,"_type":1,"_cutDirection":8},{"_time":140.85400390625,"_lineIndex":2,"_lineLayer":2,"_type":1,"_cutDirection":8},{"_time":140.85400390625,"_lineIndex":1,"_lineLayer":2,"_type":0,"_cutDirection":8},{"_time":141.85400390625,"_lineIndex":2,"_lineLayer":2,"_type":1,"_cutDirection":8},{"_time":141.85400390625,"_lineIndex":1,"_lineLayer":2,"_type":0,"_cutDirection":8},{"_time":142.85400390625,"_lineIndex":2,"_lineLayer":2,"_type":1,"_cutDirection":8},{"_time":142.85400390625,"_lineIndex":1,"_lineLayer":2,"_type":0,"_cutDirection":8},{"_time":143.85400390625,"_lineIndex":2,"_lineLayer":2,"_type":0,"_cutDirection":8},{"_time":143.85400390625,"_lineIndex":1,"_lineLayer":2,"_type":1,"_cutDirection":8},{"_time":144.85400390625,"_lineIndex":1,"_lineLayer":2,"_type":0,"_cutDirection":8},{"_time":144.85400390625,"_lineIndex":2,"_lineLayer":2,"_type":1,"_cutDirection":8},{"_time":145.85400390625,"_lineIndex":1,"_lineLayer":0,"_type":1,"_cutDirection":6},{"_time":145.85400390625,"_lineIndex":2,"_lineLayer":0,"_type":0,"_cutDirection":7},{"_time":146.85400390625,"_lineIndex":0,"_lineLayer":0,"_type":0,"_cutDirection":6},{"_time":146.85400390625,"_lineIndex":3,"_lineLayer":0,"_type":1,"_cutDirection":7},{"_time":147.85400390625,"_lineIndex":0,"_lineLayer":0,"_type":1,"_cutDirection":2},{"_time":147.85400390625,"_lineIndex":0,"_lineLayer":1,"_type":0,"_cutDirection":2},{"_time":149.85400390625,"_lineIndex":3,"_lineLayer":1,"_type":1,"_cutDirection":3},{"_time":149.85400390625,"_lineIndex":3,"_lineLayer":0,"_type":0,"_cutDirection":3},{"_time":151.85400390625,"_lineIndex":0,"_lineLayer":1,"_type":0,"_cutDirection":2},{"_time":151.85400390625,"_lineIndex":0,"_lineLayer":0,"_type":1,"_cutDirection":2},{"_time":152.85400390625,"_lineIndex":1,"_lineLayer":2,"_type":0,"_cutDirection":0},{"_time":152.85400390625,"_lineIndex":2,"_lineLayer":2,"_type":1,"_cutDirection":0},{"_time":153.85400390625,"_lineIndex":0,"_lineLayer":0,"_type":0,"_cutDirection":6},{"_time":153.85400390625,"_lineIndex":3,"_lineLayer":0,"_type":1,"_cutDirection":7},{"_time":154.85400390625,"_lineIndex":1,"_lineLayer":0,"_type":0,"_cutDirection":0},{"_time":154.85400390625,"_lineIndex":2,"_lineLayer":0,"_type":1,"_cutDirection":0},{"_time":155.85400390625,"_lineIndex":2,"_lineLayer":1,"_type":1,"_cutDirection":8},{"_time":157.35400390625,"_lineIndex":1,"_lineLayer":0,"_type":1,"_cutDirection":8},{"_time":157.85400390625,"_lineIndex":1,"_lineLayer":1,"_type":1,"_cutDirection":8},{"_time":158.85400390625,"_lineIndex":3,"_lineLayer":2,"_type":1,"_cutDirection":8},{"_time":160.35400390625,"_lineIndex":3,"_lineLayer":1,"_type":1,"_cutDirection":3},{"_time":160.85400390625,"_lineIndex":0,"_lineLayer":1,"_type":0,"_cutDirection":2},{"_time":161.35400390625,"_lineIndex":3,"_lineLayer":1,"_type":1,"_cutDirection":3},{"_time":161.85400390625,"_lineIndex":0,"_lineLayer":1,"_type":0,"_cutDirection":2},{"_time":162.35400390625,"_lineIndex":3,"_lineLayer":1,"_type":1,"_cutDirection":3},{"_time":162.85400390625,"_lineIndex":0,"_lineLayer":2,"_type":0,"_cutDirection":4},{"_time":163.35400390625,"_lineIndex":3,"_lineLayer":2,"_type":1,"_cutDirection":5},{"_time":163.85400390625,"_lineIndex":2,"_lineLayer":1,"_type":1,"_cutDirection":6},{"_time":163.85400390625,"_lineIndex":1,"_lineLayer":1,"_type":0,"_cutDirection":7},{"_time":165.85400390625,"_lineIndex":3,"_lineLayer":1,"_type":1,"_cutDirection":3},{"_time":165.85400390625,"_lineIndex":3,"_lineLayer":0,"_type":0,"_cutDirection":3},{"_time":167.85400390625,"_lineIndex":0,"_lineLayer":1,"_type":0,"_cutDirection":2},{"_time":167.85400390625,"_lineIndex":0,"_lineLayer":0,"_type":1,"_cutDirection":2},{"_time":169.85400390625,"_lineIndex":3,"_lineLayer":1,"_type":1,"_cutDirection":3},{"_time":169.85400390625,"_lineIndex":3,"_lineLayer":0,"_type":0,"_cutDirection":3},{"_time":171.85400390625,"_lineIndex":0,"_lineLayer":0,"_type":1,"_cutDirection":2},{"_time":171.85400390625,"_lineIndex":0,"_lineLayer":1,"_type":0,"_cutDirection":2},{"_time":173.85400390625,"_lineIndex":3,"_lineLayer":1,"_type":1,"_cutDirection":3},{"_time":173.85400390625,"_lineIndex":3,"_lineLayer":0,"_type":0,"_cutDirection":3},{"_time":175.85400390625,"_lineIndex":0,"_lineLayer":1,"_type":0,"_cutDirection":2},{"_time":175.85400390625,"_lineIndex":0,"_lineLayer":0,"_type":1,"_cutDirection":2},{"_time":177.85400390625,"_lineIndex":3,"_lineLayer":1,"_type":1,"_cutDirection":3},{"_time":177.85400390625,"_lineIndex":3,"_lineLayer":0,"_type":0,"_cutDirection":3},{"_time":179.85400390625,"_lineIndex":0,"_lineLayer":1,"_type":0,"_cutDirection":2},{"_time":180.85400390625,"_lineIndex":0,"_lineLayer":1,"_type":1,"_cutDirection":2},{"_time":181.35400390625,"_lineIndex":0,"_lineLayer":1,"_type":1,"_cutDirection":3},{"_time":181.85400390625,"_lineIndex":3,"_lineLayer":1,"_type":1,"_cutDirection":3},{"_time":182.85400390625,"_lineIndex":3,"_lineLayer":1,"_type":0,"_cutDirection":3},{"_time":183.35400390625,"_lineIndex":3,"_lineLayer":1,"_type":0,"_cutDirection":2},{"_time":183.85400390625,"_lineIndex":0,"_lineLayer":1,"_type":0,"_cutDirection":2},{"_time":184.85400390625,"_lineIndex":1,"_lineLayer":1,"_type":0,"_cutDirection":3},{"_time":185.85400390625,"_lineIndex":2,"_lineLayer":2,"_type":1,"_cutDirection":0},{"_time":185.85400390625,"_lineIndex":1,"_lineLayer":2,"_type":0,"_cutDirection":0},{"_time":186.85400390625,"_lineIndex":3,"_lineLayer":1,"_type":1,"_cutDirection":3},{"_time":187.85400390625,"_lineIndex":0,"_lineLayer":1,"_type":0,"_cutDirection":2},{"_time":189.35400390625,"_lineIndex":1,"_lineLayer":0,"_type":1,"_cutDirection":6},{"_time":189.85400390625,"_lineIndex":0,"_lineLayer":1,"_type":0,"_cutDirection":6},{"_time":190.85400390625,"_lineIndex":2,"_lineLayer":1,"_type":1,"_cutDirection":0},{"_time":190.85400390625,"_lineIndex":1,"_lineLayer":1,"_type":0,"_cutDirection":0},{"_time":192.35400390625,"_lineIndex":3,"_lineLayer":1,"_type":1,"_cutDirection":3},{"_time":192.85400390625,"_lineIndex":0,"_lineLayer":1,"_type":0,"_cutDirection":2},{"_time":193.35400390625,"_lineIndex":3,"_lineLayer":1,"_type":1,"_cutDirection":3},{"_time":193.85400390625,"_lineIndex":0,"_lineLayer":1,"_type":0,"_cutDirection":2},{"_time":194.35400390625,"_lineIndex":3,"_lineLayer":1,"_type":1,"_cutDirection":3},{"_time":194.85400390625,"_lineIndex":0,"_lineLayer":2,"_type":0,"_cutDirection":4},{"_time":195.35400390625,"_lineIndex":3,"_lineLayer":2,"_type":1,"_cutDirection":5},{"_time":195.85400390625,"_lineIndex":1,"_lineLayer":1,"_type":0,"_cutDirection":7},{"_time":195.85400390625,"_lineIndex":2,"_lineLayer":1,"_type":1,"_cutDirection":6},{"_time":197.85400390625,"_lineIndex":1,"_lineLayer":2,"_type":0,"_cutDirection":0},{"_time":198.85400390625,"_lineIndex":2,"_lineLayer":0,"_type":1,"_cutDirection":1},{"_time":200.85400390625,"_lineIndex":2,"_lineLayer":0,"_type":1,"_cutDirection":1},{"_time":201.85400390625,"_lineIndex":0,"_lineLayer":1,"_type":1,"_cutDirection":2},{"_time":202.35400390625,"_lineIndex":1,"_lineLayer":0,"_type":0,"_cutDirection":1},{"_time":203.85400390625,"_lineIndex":1,"_lineLayer":0,"_type":0,"_cutDirection":0},{"_time":205.85400390625,"_lineIndex":2,"_lineLayer":2,"_type":1,"_cutDirection":0},{"_time":206.85400390625,"_lineIndex":2,"_lineLayer":0,"_type":0,"_cutDirection":7},{"_time":207.85400390625,"_lineIndex":1,"_lineLayer":0,"_type":0,"_cutDirection":1},{"_time":208.35400390625,"_lineIndex":2,"_lineLayer":0,"_type":1,"_cutDirection":1},{"_time":208.85400390625,"_lineIndex":1,"_lineLayer":0,"_type":0,"_cutDirection":0},{"_time":209.35400390625,"_lineIndex":2,"_lineLayer":0,"_type":1,"_cutDirection":0},{"_time":209.85400390625,"_lineIndex":0,"_lineLayer":0,"_type":0,"_cutDirection":6},{"_time":209.85400390625,"_lineIndex":3,"_lineLayer":0,"_type":1,"_cutDirection":7},{"_time":210.85400390625,"_lineIndex":2,"_lineLayer":1,"_type":1,"_cutDirection":0},{"_time":210.85400390625,"_lineIndex":1,"_lineLayer":1,"_type":0,"_cutDirection":0},{"_time":211.85400390625,"_lineIndex":2,"_lineLayer":0,"_type":1,"_cutDirection":1},{"_time":211.85400390625,"_lineIndex":1,"_lineLayer":0,"_type":0,"_cutDirection":1},{"_time":213.85400390625,"_lineIndex":2,"_lineLayer":2,"_type":0,"_cutDirection":0},{"_time":213.85400390625,"_lineIndex":1,"_lineLayer":2,"_type":1,"_cutDirection":0},{"_time":214.85400390625,"_lineIndex":2,"_lineLayer":0,"_type":1,"_cutDirection":1},{"_time":214.85400390625,"_lineIndex":1,"_lineLayer":0,"_type":0,"_cutDirection":1},{"_time":216.85400390625,"_lineIndex":1,"_lineLayer":0,"_type":0,"_cutDirection":1},{"_time":216.85400390625,"_lineIndex":2,"_lineLayer":0,"_type":1,"_cutDirection":1},{"_time":217.85400390625,"_lineIndex":2,"_lineLayer":1,"_type":1,"_cutDirection":0},{"_time":217.85400390625,"_lineIndex":1,"_lineLayer":1,"_type":0,"_cutDirection":0},{"_time":218.35400390625,"_lineIndex":1,"_lineLayer":0,"_type":0,"_cutDirection":1},{"_time":218.35400390625,"_lineIndex":2,"_lineLayer":0,"_type":1,"_cutDirection":1},{"_time":219.85400390625,"_lineIndex":1,"_lineLayer":0,"_type":0,"_cutDirection":6},{"_time":219.85400390625,"_lineIndex":2,"_lineLayer":0,"_type":1,"_cutDirection":7},{"_time":220.85400390625,"_lineIndex":1,"_lineLayer":0,"_type":0,"_cutDirection":5},{"_time":220.85400390625,"_lineIndex":2,"_lineLayer":0,"_type":1,"_cutDirection":4},{"_time":221.85400390625,"_lineIndex":2,"_lineLayer":0,"_type":1,"_cutDirection":1},{"_time":221.85400390625,"_lineIndex":1,"_lineLayer":0,"_type":0,"_cutDirection":1},{"_time":222.85400390625,"_lineIndex":0,"_lineLayer":1,"_type":0,"_cutDirection":0},{"_time":222.85400390625,"_lineIndex":3,"_lineLayer":1,"_type":1,"_cutDirection":0},{"_time":223.85400390625,"_lineIndex":2,"_lineLayer":0,"_type":1,"_cutDirection":0},{"_time":224.35400390625,"_lineIndex":2,"_lineLayer":0,"_type":1,"_cutDirection":1},{"_time":224.85400390625,"_lineIndex":2,"_lineLayer":0,"_type":1,"_cutDirection":0},{"_time":225.35400390625,"_lineIndex":2,"_lineLayer":0,"_type":1,"_cutDirection":1},{"_time":225.85400390625,"_lineIndex":2,"_lineLayer":0,"_type":1,"_cutDirection":0},{"_time":226.85400390625,"_lineIndex":0,"_lineLayer":1,"_type":1,"_cutDirection":2},{"_time":226.85400390625,"_lineIndex":3,"_lineLayer":1,"_type":0,"_cutDirection":3},{"_time":227.85400390625,"_lineIndex":1,"_lineLayer":1,"_type":0,"_cutDirection":6},{"_time":227.85400390625,"_lineIndex":2,"_lineLayer":1,"_type":1,"_cutDirection":7},{"_time":229.85400390625,"_lineIndex":2,"_lineLayer":1,"_type":1,"_cutDirection":0},{"_time":230.85400390625,"_lineIndex":1,"_lineLayer":0,"_type":0,"_cutDirection":1},{"_time":231.35400390625,"_lineIndex":1,"_lineLayer":0,"_type":0,"_cutDirection":0},{"_time":231.85400390625,"_lineIndex":1,"_lineLayer":0,"_type":0,"_cutDirection":1},{"_time":232.35400390625,"_lineIndex":1,"_lineLayer":0,"_type":0,"_cutDirection":0},{"_time":232.85400390625,"_lineIndex":1,"_lineLayer":0,"_type":0,"_cutDirection":1},{"_time":233.35400390625,"_lineIndex":1,"_lineLayer":0,"_type":0,"_cutDirection":0},{"_time":233.85400390625,"_lineIndex":2,"_lineLayer":0,"_type":1,"_cutDirection":3},{"_time":234.85400390625,"_lineIndex":1,"_lineLayer":1,"_type":0,"_cutDirection":0},{"_time":234.85400390625,"_lineIndex":2,"_lineLayer":1,"_type":1,"_cutDirection":0},{"_time":235.85400390625,"_lineIndex":3,"_lineLayer":0,"_type":1,"_cutDirection":7},{"_time":235.85400390625,"_lineIndex":0,"_lineLayer":0,"_type":0,"_cutDirection":6},{"_time":237.35400390625,"_lineIndex":1,"_lineLayer":0,"_type":0,"_cutDirection":0},{"_time":237.85400390625,"_lineIndex":1,"_lineLayer":0,"_type":0,"_cutDirection":1},{"_time":237.85400390625,"_lineIndex":2,"_lineLayer":0,"_type":1,"_cutDirection":1},{"_time":238.60400390625,"_lineIndex":2,"_lineLayer":1,"_type":1,"_cutDirection":0},{"_time":239.35400390625,"_lineIndex":1,"_lineLayer":0,"_type":1,"_cutDirection":6},{"_time":239.35400390625,"_lineIndex":0,"_lineLayer":1,"_type":0,"_cutDirection":6},{"_time":240.85400390625,"_lineIndex":2,"_lineLayer":0,"_type":1,"_cutDirection":1},{"_time":241.85400390625,"_lineIndex":1,"_lineLayer":1,"_type":0,"_cutDirection":0},{"_time":242.35400390625,"_lineIndex":1,"_lineLayer":0,"_type":0,"_cutDirection":1},{"_time":243.85400390625,"_lineIndex":1,"_lineLayer":0,"_type":0,"_cutDirection":1},{"_time":244.35400390625,"_lineIndex":1,"_lineLayer":0,"_type":0,"_cutDirection":0},{"_time":244.85400390625,"_lineIndex":1,"_lineLayer":0,"_type":0,"_cutDirection":1},{"_time":245.35400390625,"_lineIndex":1,"_lineLayer":0,"_type":0,"_cutDirection":0},{"_time":245.85400390625,"_lineIndex":0,"_lineLayer":1,"_type":0,"_cutDirection":2},{"_time":245.85400390625,"_lineIndex":0,"_lineLayer":0,"_type":1,"_cutDirection":2},{"_time":246.85400390625,"_lineIndex":3,"_lineLayer":1,"_type":1,"_cutDirection":3},{"_time":246.85400390625,"_lineIndex":3,"_lineLayer":0,"_type":0,"_cutDirection":3},{"_time":247.85400390625,"_lineIndex":1,"_lineLayer":0,"_type":0,"_cutDirection":1},{"_time":248.35400390625,"_lineIndex":2,"_lineLayer":0,"_type":1,"_cutDirection":1},{"_time":248.85400390625,"_lineIndex":2,"_lineLayer":0,"_type":1,"_cutDirection":0},{"_time":249.35400390625,"_lineIndex":2,"_lineLayer":0,"_type":1,"_cutDirection":1},{"_time":249.85400390625,"_lineIndex":1,"_lineLayer":2,"_type":0,"_cutDirection":0},{"_time":249.85400390625,"_lineIndex":2,"_lineLayer":2,"_type":1,"_cutDirection":0},{"_time":250.85400390625,"_lineIndex":1,"_lineLayer":1,"_type":1,"_cutDirection":6},{"_time":251.85400390625,"_lineIndex":3,"_lineLayer":1,"_type":1,"_cutDirection":3},{"_time":251.85400390625,"_lineIndex":3,"_lineLayer":0,"_type":0,"_cutDirection":3},{"_time":253.35400390625,"_lineIndex":0,"_lineLayer":0,"_type":0,"_cutDirection":2},{"_time":253.85400390625,"_lineIndex":2,"_lineLayer":1,"_type":1,"_cutDirection":0},{"_time":254.85400390625,"_lineIndex":3,"_lineLayer":1,"_type":1,"_cutDirection":3},{"_time":254.85400390625,"_lineIndex":3,"_lineLayer":0,"_type":0,"_cutDirection":3},{"_time":256.35400390625,"_lineIndex":3,"_lineLayer":1,"_type":1,"_cutDirection":3},{"_time":256.85400390625,"_lineIndex":0,"_lineLayer":1,"_type":0,"_cutDirection":2},{"_time":257.35400390625,"_lineIndex":3,"_lineLayer":1,"_type":1,"_cutDirection":3},{"_time":257.85400390625,"_lineIndex":0,"_lineLayer":1,"_type":0,"_cutDirection":2},{"_time":258.35400390625,"_lineIndex":3,"_lineLayer":1,"_type":1,"_cutDirection":3},{"_time":258.85400390625,"_lineIndex":0,"_lineLayer":2,"_type":0,"_cutDirection":4},{"_time":259.35400390625,"_lineIndex":3,"_lineLayer":2,"_type":1,"_cutDirection":5},{"_time":259.85400390625,"_lineIndex":1,"_lineLayer":2,"_type":0,"_cutDirection":8},{"_time":259.85400390625,"_lineIndex":2,"_lineLayer":2,"_type":1,"_cutDirection":8},{"_time":260.85400390625,"_lineIndex":2,"_lineLayer":0,"_type":1,"_cutDirection":8},{"_time":260.85400390625,"_lineIndex":1,"_lineLayer":0,"_type":0,"_cutDirection":8},{"_time":261.85400390625,"_lineIndex":1,"_lineLayer":2,"_type":0,"_cutDirection":8},{"_time":261.85400390625,"_lineIndex":2,"_lineLayer":2,"_type":1,"_cutDirection":8},{"_time":262.85400390625,"_lineIndex":1,"_lineLayer":0,"_type":0,"_cutDirection":8},{"_time":262.85400390625,"_lineIndex":2,"_lineLayer":0,"_type":1,"_cutDirection":8},{"_time":263.85400390625,"_lineIndex":0,"_lineLayer":2,"_type":0,"_cutDirection":8},{"_time":263.85400390625,"_lineIndex":3,"_lineLayer":2,"_type":1,"_cutDirection":8},{"_time":264.85400390625,"_lineIndex":1,"_lineLayer":0,"_type":0,"_cutDirection":8},{"_time":264.85400390625,"_lineIndex":2,"_lineLayer":0,"_type":1,"_cutDirection":8},{"_time":265.85400390625,"_lineIndex":0,"_lineLayer":2,"_type":0,"_cutDirection":8},{"_time":265.85400390625,"_lineIndex":3,"_lineLayer":2,"_type":1,"_cutDirection":8},{"_time":266.85400390625,"_lineIndex":2,"_lineLayer":2,"_type":1,"_cutDirection":8},{"_time":266.85400390625,"_lineIndex":1,"_lineLayer":2,"_type":0,"_cutDirection":8},{"_time":267.85400390625,"_lineIndex":0,"_lineLayer":0,"_type":0,"_cutDirection":8},{"_time":267.85400390625,"_lineIndex":3,"_lineLayer":0,"_type":1,"_cutDirection":8},{"_time":268.85400390625,"_lineIndex":1,"_lineLayer":2,"_type":0,"_cutDirection":8},{"_time":268.85400390625,"_lineIndex":2,"_lineLayer":2,"_type":1,"_cutDirection":8},{"_time":269.85400390625,"_lineIndex":1,"_lineLayer":1,"_type":0,"_cutDirection":8},{"_time":269.85400390625,"_lineIndex":2,"_lineLayer":1,"_type":1,"_cutDirection":8},{"_time":270.85400390625,"_lineIndex":1,"_lineLayer":2,"_type":0,"_cutDirection":8},{"_time":270.85400390625,"_lineIndex":2,"_lineLayer":2,"_type":1,"_cutDirection":8},{"_time":271.85400390625,"_lineIndex":0,"_lineLayer":1,"_type":0,"_cutDirection":8},{"_time":271.85400390625,"_lineIndex":3,"_lineLayer":1,"_type":1,"_cutDirection":8},{"_time":272.85400390625,"_lineIndex":1,"_lineLayer":2,"_type":0,"_cutDirection":8},{"_time":272.85400390625,"_lineIndex":2,"_lineLayer":2,"_type":1,"_cutDirection":8},{"_time":273.85400390625,"_lineIndex":0,"_lineLayer":0,"_type":0,"_cutDirection":8},{"_time":273.85400390625,"_lineIndex":3,"_lineLayer":0,"_type":1,"_cutDirection":8},{"_time":274.85400390625,"_lineIndex":1,"_lineLayer":0,"_type":0,"_cutDirection":8},{"_time":274.85400390625,"_lineIndex":2,"_lineLayer":0,"_type":1,"_cutDirection":8},{"_time":275.85400390625,"_lineIndex":0,"_lineLayer":2,"_type":0,"_cutDirection":8},{"_time":275.85400390625,"_lineIndex":3,"_lineLayer":2,"_type":1,"_cutDirection":8},{"_time":276.85400390625,"_lineIndex":1,"_lineLayer":2,"_type":0,"_cutDirection":8},{"_time":276.85400390625,"_lineIndex":2,"_lineLayer":2,"_type":1,"_cutDirection":8},{"_time":277.85400390625,"_lineIndex":3,"_lineLayer":2,"_type":1,"_cutDirection":8},{"_time":277.85400390625,"_lineIndex":0,"_lineLayer":2,"_type":0,"_cutDirection":8},{"_time":278.85400390625,"_lineIndex":2,"_lineLayer":2,"_type":1,"_cutDirection":8},{"_time":278.85400390625,"_lineIndex":1,"_lineLayer":2,"_type":0,"_cutDirection":8},{"_time":279.85400390625,"_lineIndex":3,"_lineLayer":2,"_type":1,"_cutDirection":8},{"_time":279.85400390625,"_lineIndex":0,"_lineLayer":2,"_type":0,"_cutDirection":8},{"_time":280.85400390625,"_lineIndex":0,"_lineLayer":2,"_type":0,"_cutDirection":8},{"_time":280.85400390625,"_lineIndex":3,"_lineLayer":2,"_type":1,"_cutDirection":8},{"_time":281.85400390625,"_lineIndex":3,"_lineLayer":1,"_type":1,"_cutDirection":8},{"_time":281.85400390625,"_lineIndex":0,"_lineLayer":1,"_type":0,"_cutDirection":8},{"_time":282.85400390625,"_lineIndex":0,"_lineLayer":0,"_type":0,"_cutDirection":8},{"_time":282.85400390625,"_lineIndex":3,"_lineLayer":0,"_type":1,"_cutDirection":8},{"_time":283.85400390625,"_lineIndex":0,"_lineLayer":1,"_type":0,"_cutDirection":6},{"_time":283.85400390625,"_lineIndex":1,"_lineLayer":0,"_type":1,"_cutDirection":6},{"_time":285.35400390625,"_lineIndex":1,"_lineLayer":1,"_type":0,"_cutDirection":0},{"_time":285.85400390625,"_lineIndex":2,"_lineLayer":1,"_type":1,"_cutDirection":0},{"_time":286.85400390625,"_lineIndex":3,"_lineLayer":0,"_type":0,"_cutDirection":3},{"_time":286.85400390625,"_lineIndex":3,"_lineLayer":1,"_type":1,"_cutDirection":3},{"_time":288.35400390625,"_lineIndex":3,"_lineLayer":1,"_type":1,"_cutDirection":3},{"_time":288.85400390625,"_lineIndex":0,"_lineLayer":1,"_type":0,"_cutDirection":2},{"_time":289.35400390625,"_lineIndex":3,"_lineLayer":1,"_type":1,"_cutDirection":3},{"_time":289.85400390625,"_lineIndex":0,"_lineLayer":1,"_type":0,"_cutDirection":2},{"_time":290.35400390625,"_lineIndex":3,"_lineLayer":1,"_type":1,"_cutDirection":3},{"_time":290.85400390625,"_lineIndex":0,"_lineLayer":2,"_type":0,"_cutDirection":0},{"_time":291.35400390625,"_lineIndex":3,"_lineLayer":2,"_type":1,"_cutDirection":0},{"_time":291.85400390625,"_lineIndex":2,"_lineLayer":0,"_type":1,"_cutDirection":1},{"_time":291.85400390625,"_lineIndex":1,"_lineLayer":1,"_type":0,"_cutDirection":1},{"_time":291.85400390625,"_lineIndex":1,"_lineLayer":0,"_type":0,"_cutDirection":1},{"_time":291.85400390625,"_lineIndex":2,"_lineLayer":1,"_type":1,"_cutDirection":1},{"_time":294.85400390625,"_lineIndex":0,"_lineLayer":0,"_type":0,"_cutDirection":6},{"_time":296.85400390625,"_lineIndex":3,"_lineLayer":0,"_type":0,"_cutDirection":7},{"_time":298.35400390625,"_lineIndex":2,"_lineLayer":0,"_type":1,"_cutDirection":1},{"_time":299.85400390625,"_lineIndex":1,"_lineLayer":0,"_type":0,"_cutDirection":1},{"_time":302.85400390625,"_lineIndex":0,"_lineLayer":0,"_type":0,"_cutDirection":6},{"_time":304.85400390625,"_lineIndex":3,"_lineLayer":0,"_type":1,"_cutDirection":7},{"_time":305.85400390625,"_lineIndex":2,"_lineLayer":2,"_type":1,"_cutDirection":8},{"_time":306.35400390625,"_lineIndex":1,"_lineLayer":1,"_type":0,"_cutDirection":0},{"_time":307.85400390625,"_lineIndex":1,"_lineLayer":0,"_type":0,"_cutDirection":1},{"_time":309.85400390625,"_lineIndex":2,"_lineLayer":2,"_type":1,"_cutDirection":8},{"_time":310.85400390625,"_lineIndex":3,"_lineLayer":0,"_type":0,"_cutDirection":7},{"_time":312.85400390625,"_lineIndex":0,"_lineLayer":0,"_type":0,"_cutDirection":6},{"_time":313.85400390625,"_lineIndex":2,"_lineLayer":2,"_type":1,"_cutDirection":8},{"_time":314.35400390625,"_lineIndex":0,"_lineLayer":1,"_type":0,"_cutDirection":0},{"_time":315.85400390625,"_lineIndex":0,"_lineLayer":0,"_type":0,"_cutDirection":1},{"_time":317.35400390625,"_lineIndex":0,"_lineLayer":0,"_type":0,"_cutDirection":5},{"_time":317.85400390625,"_lineIndex":2,"_lineLayer":2,"_type":1,"_cutDirection":8},{"_time":317.85400390625,"_lineIndex":1,"_lineLayer":2,"_type":0,"_cutDirection":8},{"_time":318.85400390625,"_lineIndex":1,"_lineLayer":1,"_type":0,"_cutDirection":1},{"_time":320.35400390625,"_lineIndex":1,"_lineLayer":0,"_type":0,"_cutDirection":0},{"_time":320.85400390625,"_lineIndex":2,"_lineLayer":0,"_type":1,"_cutDirection":0},{"_time":321.35400390625,"_lineIndex":1,"_lineLayer":0,"_type":0,"_cutDirection":1},{"_time":321.85400390625,"_lineIndex":2,"_lineLayer":0,"_type":1,"_cutDirection":1},{"_time":322.35400390625,"_lineIndex":0,"_lineLayer":0,"_type":0,"_cutDirection":0},{"_time":322.85400390625,"_lineIndex":3,"_lineLayer":1,"_type":1,"_cutDirection":0},{"_time":323.35400390625,"_lineIndex":0,"_lineLayer":0,"_type":0,"_cutDirection":1},{"_time":323.85400390625,"_lineIndex":1,"_lineLayer":1,"_type":0,"_cutDirection":0},{"_time":323.85400390625,"_lineIndex":1,"_lineLayer":0,"_type":0,"_cutDirection":0},{"_time":323.85400390625,"_lineIndex":2,"_lineLayer":0,"_type":1,"_cutDirection":1},{"_time":323.85400390625,"_lineIndex":2,"_lineLayer":1,"_type":1,"_cutDirection":1},{"_time":325.85400390625,"_lineIndex":3,"_lineLayer":0,"_type":3,"_cutDirection":1},{"_time":325.85400390625,"_lineIndex":0,"_lineLayer":0,"_type":3,"_cutDirection":1},{"_time":325.85400390625,"_lineIndex":0,"_lineLayer":1,"_type":3,"_cutDirection":1},{"_time":325.85400390625,"_lineIndex":3,"_lineLayer":1,"_type":3,"_cutDirection":1},{"_time":326.85400390625,"_lineIndex":0,"_lineLayer":0,"_type":3,"_cutDirection":1},{"_time":326.85400390625,"_lineIndex":3,"_lineLayer":1,"_type":3,"_cutDirection":1},{"_time":326.85400390625,"_lineIndex":3,"_lineLayer":2,"_type":3,"_cutDirection":0},{"_time":326.85400390625,"_lineIndex":3,"_lineLayer":0,"_type":3,"_cutDirection":1},{"_time":326.85400390625,"_lineIndex":0,"_lineLayer":2,"_type":3,"_cutDirection":0},{"_time":326.85400390625,"_lineIndex":0,"_lineLayer":1,"_type":3,"_cutDirection":1},{"_time":327.85400390625,"_lineIndex":3,"_lineLayer":1,"_type":3,"_cutDirection":1},{"_time":327.85400390625,"_lineIndex":0,"_lineLayer":0,"_type":3,"_cutDirection":1},{"_time":327.85400390625,"_lineIndex":3,"_lineLayer":0,"_type":3,"_cutDirection":1},{"_time":327.85400390625,"_lineIndex":0,"_lineLayer":1,"_type":3,"_cutDirection":1},{"_time":328.85400390625,"_lineIndex":0,"_lineLayer":0,"_type":3,"_cutDirection":1},{"_time":328.85400390625,"_lineIndex":3,"_lineLayer":1,"_type":3,"_cutDirection":1},{"_time":328.85400390625,"_lineIndex":3,"_lineLayer":0,"_type":3,"_cutDirection":1},{"_time":328.85400390625,"_lineIndex":3,"_lineLayer":2,"_type":3,"_cutDirection":0},{"_time":328.85400390625,"_lineIndex":0,"_lineLayer":2,"_type":3,"_cutDirection":0},{"_time":328.85400390625,"_lineIndex":0,"_lineLayer":1,"_type":3,"_cutDirection":1},{"_time":329.85400390625,"_lineIndex":3,"_lineLayer":1,"_type":3,"_cutDirection":1},{"_time":329.85400390625,"_lineIndex":0,"_lineLayer":1,"_type":3,"_cutDirection":1},{"_time":329.85400390625,"_lineIndex":0,"_lineLayer":0,"_type":3,"_cutDirection":1},{"_time":329.85400390625,"_lineIndex":3,"_lineLayer":0,"_type":3,"_cutDirection":1},{"_time":330.35400390625,"_lineIndex":0,"_lineLayer":2,"_type":3,"_cutDirection":0},{"_time":330.35400390625,"_lineIndex":3,"_lineLayer":2,"_type":3,"_cutDirection":0},{"_time":330.85400390625,"_lineIndex":3,"_lineLayer":1,"_type":3,"_cutDirection":1},{"_time":330.85400390625,"_lineIndex":0,"_lineLayer":1,"_type":3,"_cutDirection":1},{"_time":330.85400390625,"_lineIndex":0,"_lineLayer":0,"_type":3,"_cutDirection":1},{"_time":330.85400390625,"_lineIndex":3,"_lineLayer":0,"_type":3,"_cutDirection":1},{"_time":331.85400390625,"_lineIndex":0,"_lineLayer":0,"_type":3,"_cutDirection":1},{"_time":331.85400390625,"_lineIndex":3,"_lineLayer":2,"_type":3,"_cutDirection":0},{"_time":331.85400390625,"_lineIndex":3,"_lineLayer":0,"_type":3,"_cutDirection":1},{"_time":331.85400390625,"_lineIndex":3,"_lineLayer":1,"_type":3,"_cutDirection":1},{"_time":331.85400390625,"_lineIndex":0,"_lineLayer":2,"_type":3,"_cutDirection":0},{"_time":331.85400390625,"_lineIndex":0,"_lineLayer":1,"_type":3,"_cutDirection":1},{"_time":332.85400390625,"_lineIndex":0,"_lineLayer":1,"_type":3,"_cutDirection":1},{"_time":332.85400390625,"_lineIndex":3,"_lineLayer":1,"_type":3,"_cutDirection":1},{"_time":332.85400390625,"_lineIndex":3,"_lineLayer":0,"_type":3,"_cutDirection":1},{"_time":332.85400390625,"_lineIndex":0,"_lineLayer":0,"_type":3,"_cutDirection":1},{"_time":333.85400390625,"_lineIndex":0,"_lineLayer":0,"_type":3,"_cutDirection":1},{"_time":333.85400390625,"_lineIndex":3,"_lineLayer":0,"_type":3,"_cutDirection":1},{"_time":333.85400390625,"_lineIndex":3,"_lineLayer":1,"_type":3,"_cutDirection":1},{"_time":333.85400390625,"_lineIndex":0,"_lineLayer":1,"_type":3,"_cutDirection":1},{"_time":334.85400390625,"_lineIndex":3,"_lineLayer":2,"_type":3,"_cutDirection":0},{"_time":334.85400390625,"_lineIndex":3,"_lineLayer":1,"_type":3,"_cutDirection":1},{"_time":334.85400390625,"_lineIndex":3,"_lineLayer":0,"_type":3,"_cutDirection":1},{"_time":334.85400390625,"_lineIndex":0,"_lineLayer":1,"_type":3,"_cutDirection":1},{"_time":334.85400390625,"_lineIndex":0,"_lineLayer":2,"_type":3,"_cutDirection":0},{"_time":334.85400390625,"_lineIndex":0,"_lineLayer":0,"_type":3,"_cutDirection":1},{"_time":335.85400390625,"_lineIndex":3,"_lineLayer":0,"_type":3,"_cutDirection":1},{"_time":335.85400390625,"_lineIndex":0,"_lineLayer":1,"_type":3,"_cutDirection":1},{"_time":335.85400390625,"_lineIndex":3,"_lineLayer":1,"_type":3,"_cutDirection":1},{"_time":335.85400390625,"_lineIndex":0,"_lineLayer":0,"_type":3,"_cutDirection":1},{"_time":336.85400390625,"_lineIndex":3,"_lineLayer":1,"_type":3,"_cutDirection":1},{"_time":336.85400390625,"_lineIndex":0,"_lineLayer":2,"_type":3,"_cutDirection":0},{"_time":336.85400390625,"_lineIndex":3,"_lineLayer":2,"_type":3,"_cutDirection":0},{"_time":336.85400390625,"_lineIndex":0,"_lineLayer":1,"_type":3,"_cutDirection":1},{"_time":336.85400390625,"_lineIndex":0,"_lineLayer":0,"_type":3,"_cutDirection":1},{"_time":336.85400390625,"_lineIndex":3,"_lineLayer":0,"_type":3,"_cutDirection":1},{"_time":337.85400390625,"_lineIndex":0,"_lineLayer":1,"_type":3,"_cutDirection":1},{"_time":337.85400390625,"_lineIndex":0,"_lineLayer":0,"_type":3,"_cutDirection":1},{"_time":337.85400390625,"_lineIndex":3,"_lineLayer":1,"_type":3,"_cutDirection":1},{"_time":337.85400390625,"_lineIndex":3,"_lineLayer":0,"_type":3,"_cutDirection":1},{"_time":338.35400390625,"_lineIndex":3,"_lineLayer":2,"_type":3,"_cutDirection":0},{"_time":338.35400390625,"_lineIndex":0,"_lineLayer":2,"_type":3,"_cutDirection":0},{"_time":338.85400390625,"_lineIndex":0,"_lineLayer":0,"_type":3,"_cutDirection":1},{"_time":338.85400390625,"_lineIndex":0,"_lineLayer":1,"_type":3,"_cutDirection":1},{"_time":338.85400390625,"_lineIndex":3,"_lineLayer":1,"_type":3,"_cutDirection":1},{"_time":338.85400390625,"_lineIndex":3,"_lineLayer":0,"_type":3,"_cutDirection":1},{"_time":339.85400390625,"_lineIndex":3,"_lineLayer":2,"_type":3,"_cutDirection":0},{"_time":339.85400390625,"_lineIndex":3,"_lineLayer":1,"_type":3,"_cutDirection":1},{"_time":339.85400390625,"_lineIndex":3,"_lineLayer":0,"_type":3,"_cutDirection":1},{"_time":339.85400390625,"_lineIndex":0,"_lineLayer":2,"_type":3,"_cutDirection":0},{"_time":339.85400390625,"_lineIndex":0,"_lineLayer":1,"_type":3,"_cutDirection":1},{"_time":339.85400390625,"_lineIndex":0,"_lineLayer":0,"_type":3,"_cutDirection":1},{"_time":340.85400390625,"_lineIndex":3,"_lineLayer":0,"_type":3,"_cutDirection":1},{"_time":340.85400390625,"_lineIndex":3,"_lineLayer":1,"_type":3,"_cutDirection":1},{"_time":340.85400390625,"_lineIndex":0,"_lineLayer":0,"_type":3,"_cutDirection":1},{"_time":340.85400390625,"_lineIndex":0,"_lineLayer":1,"_type":3,"_cutDirection":1},{"_time":341.85400390625,"_lineIndex":3,"_lineLayer":1,"_type":3,"_cutDirection":1},{"_time":341.85400390625,"_lineIndex":0,"_lineLayer":0,"_type":3,"_cutDirection":1},{"_time":341.85400390625,"_lineIndex":3,"_lineLayer":0,"_type":3,"_cutDirection":1},{"_time":341.85400390625,"_lineIndex":0,"_lineLayer":1,"_type":3,"_cutDirection":1},{"_time":342.85400390625,"_lineIndex":3,"_lineLayer":0,"_type":3,"_cutDirection":1},{"_time":342.85400390625,"_lineIndex":0,"_lineLayer":0,"_type":3,"_cutDirection":1},{"_time":342.85400390625,"_lineIndex":0,"_lineLayer":1,"_type":3,"_cutDirection":1},{"_time":342.85400390625,"_lineIndex":0,"_lineLayer":2,"_type":3,"_cutDirection":0},{"_time":342.85400390625,"_lineIndex":3,"_lineLayer":2,"_type":3,"_cutDirection":0},{"_time":342.85400390625,"_lineIndex":3,"_lineLayer":1,"_type":3,"_cutDirection":1},{"_time":343.85400390625,"_lineIndex":3,"_lineLayer":1,"_type":3,"_cutDirection":1},{"_time":343.85400390625,"_lineIndex":0,"_lineLayer":0,"_type":3,"_cutDirection":1},{"_time":343.85400390625,"_lineIndex":3,"_lineLayer":0,"_type":3,"_cutDirection":1},{"_time":343.85400390625,"_lineIndex":0,"_lineLayer":1,"_type":3,"_cutDirection":1},{"_time":344.35400390625,"_lineIndex":0,"_lineLayer":2,"_type":3,"_cutDirection":0},{"_time":344.35400390625,"_lineIndex":3,"_lineLayer":2,"_type":3,"_cutDirection":0},{"_time":344.85400390625,"_lineIndex":3,"_lineLayer":0,"_type":3,"_cutDirection":1},{"_time":344.85400390625,"_lineIndex":3,"_lineLayer":1,"_type":3,"_cutDirection":1},{"_time":344.85400390625,"_lineIndex":0,"_lineLayer":2,"_type":3,"_cutDirection":0},{"_time":344.85400390625,"_lineIndex":0,"_lineLayer":0,"_type":3,"_cutDirection":1},{"_time":344.85400390625,"_lineIndex":3,"_lineLayer":2,"_type":3,"_cutDirection":0},{"_time":344.85400390625,"_lineIndex":0,"_lineLayer":1,"_type":3,"_cutDirection":1},{"_time":345.35400390625,"_lineIndex":0,"_lineLayer":2,"_type":3,"_cutDirection":0},{"_time":345.35400390625,"_lineIndex":3,"_lineLayer":0,"_type":3,"_cutDirection":0},{"_time":345.35400390625,"_lineIndex":3,"_lineLayer":1,"_type":3,"_cutDirection":0},{"_time":345.35400390625,"_lineIndex":0,"_lineLayer":1,"_type":3,"_cutDirection":0},{"_time":345.35400390625,"_lineIndex":3,"_lineLayer":2,"_type":3,"_cutDirection":0},{"_time":345.35400390625,"_lineIndex":0,"_lineLayer":0,"_type":3,"_cutDirection":0},{"_time":345.85400390625,"_lineIndex":3,"_lineLayer":2,"_type":3,"_cutDirection":0},{"_time":345.85400390625,"_lineIndex":3,"_lineLayer":0,"_type":3,"_cutDirection":1},{"_time":345.85400390625,"_lineIndex":0,"_lineLayer":2,"_type":3,"_cutDirection":0},{"_time":345.85400390625,"_lineIndex":0,"_lineLayer":0,"_type":3,"_cutDirection":1},{"_time":345.85400390625,"_lineIndex":3,"_lineLayer":1,"_type":3,"_cutDirection":1},{"_time":345.85400390625,"_lineIndex":0,"_lineLayer":1,"_type":3,"_cutDirection":1},{"_time":346.35400390625,"_lineIndex":0,"_lineLayer":2,"_type":3,"_cutDirection":0},{"_time":346.35400390625,"_lineIndex":3,"_lineLayer":2,"_type":3,"_cutDirection":0},{"_time":346.35400390625,"_lineIndex":0,"_lineLayer":0,"_type":3,"_cutDirection":0},{"_time":346.35400390625,"_lineIndex":3,"_lineLayer":0,"_type":3,"_cutDirection":0},{"_time":346.35400390625,"_lineIndex":3,"_lineLayer":1,"_type":3,"_cutDirection":0},{"_time":346.35400390625,"_lineIndex":0,"_lineLayer":1,"_type":3,"_cutDirection":0},{"_time":346.85400390625,"_lineIndex":3,"_lineLayer":2,"_type":3,"_cutDirection":0},{"_time":346.85400390625,"_lineIndex":0,"_lineLayer":1,"_type":3,"_cutDirection":1},{"_time":346.85400390625,"_lineIndex":0,"_lineLayer":2,"_type":3,"_cutDirection":0},{"_time":346.85400390625,"_lineIndex":0,"_lineLayer":0,"_type":3,"_cutDirection":1},{"_time":346.85400390625,"_lineIndex":3,"_lineLayer":1,"_type":3,"_cutDirection":1},{"_time":346.85400390625,"_lineIndex":3,"_lineLayer":0,"_type":3,"_cutDirection":1},{"_time":347.35400390625,"_lineIndex":0,"_lineLayer":0,"_type":3,"_cutDirection":0},{"_time":347.35400390625,"_lineIndex":3,"_lineLayer":1,"_type":3,"_cutDirection":0},{"_time":347.35400390625,"_lineIndex":3,"_lineLayer":0,"_type":3,"_cutDirection":0},{"_time":347.35400390625,"_lineIndex":3,"_lineLayer":2,"_type":3,"_cutDirection":0},{"_time":347.35400390625,"_lineIndex":0,"_lineLayer":1,"_type":3,"_cutDirection":0},{"_time":347.35400390625,"_lineIndex":0,"_lineLayer":2,"_type":3,"_cutDirection":0},{"_time":347.85400390625,"_lineIndex":3,"_lineLayer":2,"_type":3,"_cutDirection":0},{"_time":347.85400390625,"_lineIndex":0,"_lineLayer":1,"_type":3,"_cutDirection":1},{"_time":347.85400390625,"_lineIndex":3,"_lineLayer":0,"_type":3,"_cutDirection":1},{"_time":347.85400390625,"_lineIndex":0,"_lineLayer":2,"_type":3,"_cutDirection":0},{"_time":347.85400390625,"_lineIndex":0,"_lineLayer":0,"_type":3,"_cutDirection":1},{"_time":347.85400390625,"_lineIndex":3,"_lineLayer":1,"_type":3,"_cutDirection":1},{"_time":348.35400390625,"_lineIndex":3,"_lineLayer":2,"_type":3,"_cutDirection":0},{"_time":348.35400390625,"_lineIndex":3,"_lineLayer":0,"_type":3,"_cutDirection":0},{"_time":348.35400390625,"_lineIndex":0,"_lineLayer":0,"_type":3,"_cutDirection":0},{"_time":348.35400390625,"_lineIndex":0,"_lineLayer":1,"_type":3,"_cutDirection":0},{"_time":348.35400390625,"_lineIndex":0,"_lineLayer":2,"_type":3,"_cutDirection":0},{"_time":348.35400390625,"_lineIndex":3,"_lineLayer":1,"_type":3,"_cutDirection":0},{"_time":348.85400390625,"_lineIndex":0,"_lineLayer":0,"_type":3,"_cutDirection":0},{"_time":348.85400390625,"_lineIndex":3,"_lineLayer":2,"_type":3,"_cutDirection":0},{"_time":348.85400390625,"_lineIndex":0,"_lineLayer":2,"_type":3,"_cutDirection":0},{"_time":348.85400390625,"_lineIndex":0,"_lineLayer":1,"_type":3,"_cutDirection":0},{"_time":348.85400390625,"_lineIndex":3,"_lineLayer":0,"_type":3,"_cutDirection":0},{"_time":348.85400390625,"_lineIndex":3,"_lineLayer":1,"_type":3,"_cutDirection":0}],"_obstacles":[]}